Client_ID,Nom,Age,Anciennete_mois,Type_Abonnement,Utilisation_moyenne_heures,Satisfaction,Campagne_Recue,A_Ouvert_Le_Message,Est_Resilie
1,Fowler,56,16,Standard,12.3,5,SMS,False,0
2,Johnson,69,39,Premium,17.0,4,Aucune,True,0
3,Hill,46,5,Standard,14.8,2,Email,False,0
4,Walker,32,22,Premium,20.5,3,Email+SMS,True,0
5,Doyle,60,29,Essentiel,15.6,4,Aucune,False,1
6,Rhodes,25,55,Essentiel,15.8,4,Aucune,True,0
7,Mcclain,38,3,Standard,13.2,2,Email+SMS,True,0
8,Miller,56,12,Standard,14.7,1,Aucune,True,1
9,Henderson,36,26,Premium,16.5,2,Email,True,0
10,Johnson,40,16,Premium,6.4,3,Email,True,0
11,Robinson,28,51,Standard,8.3,4,SMS,True,0
12,Wagner,28,37,Premium,18.7,2,Aucune,True,0
13,Johnson,41,22,Standard,15.9,1,SMS,True,1
14,Gonzalez,53,57,Premium,14.1,2,Aucune,False,0
15,Santos,57,29,Standard,15.1,5,Email,True,1
16,Gardner,41,14,Standard,16.7,1,Email,True,0
17,Robinson,20,28,Standard,12.3,3,Email,False,0
18,Lawrence,39,5,Premium,11.1,4,Aucune,True,0
19,Pacheco,19,47,Premium,16.0,2,Email,True,0
20,Smith,41,49,Premium,10.1,1,Aucune,False,0
21,Shaffer,61,30,Standard,17.0,5,SMS,False,1
22,Wolfe,47,46,Premium,6.5,1,Aucune,True,0
23,Peterson,55,52,Premium,20.1,5,SMS,True,0
24,Moore,19,5,Standard,17.4,3,Aucune,False,0
25,Bernard,38,12,Essentiel,16.3,4,SMS,False,0
26,Rogers,50,16,Standard,19.9,3,Email,True,0
27,Davis,29,26,Premium,23.3,2,SMS,False,0
28,Davis,39,26,Standard,20.1,1,Email,True,0
29,Abbott,61,48,Essentiel,5.8,5,Email,True,0
30,Munoz,42,21,Standard,8.6,5,SMS,True,0
31,Roman,66,39,Premium,11.9,1,Aucune,False,1
32,Blair,44,36,Essentiel,15.1,1,Aucune,True,1
33,Herrera,59,33,Premium,17.6,2,Email+SMS,False,0
34,Dudley,45,30,Essentiel,11.4,3,Aucune,True,0
35,Gray,33,37,Essentiel,15.9,5,Email+SMS,True,1
36,Arnold,32,23,Standard,11.2,2,Aucune,True,0
37,Calderon,64,58,Standard,11.9,3,Aucune,False,1
38,Montgomery,68,10,Premium,8.0,2,Email,True,0
39,Hensley,61,54,Standard,10.4,5,Email+SMS,True,0
40,Ray,69,5,Standard,8.2,1,Aucune,False,1
41,Bush,20,36,Essentiel,10.1,1,Email+SMS,True,1
42,Williams,54,34,Standard,20.3,3,Email,False,0
43,Perez,68,52,Essentiel,10.3,4,Email,True,0
44,Roberts,24,31,Essentiel,28.2,3,Email+SMS,False,0
45,Miller,38,10,Essentiel,17.5,4,Email,True,0
46,Hall,26,58,Premium,15.9,2,SMS,False,0
47,Garcia,56,19,Premium,10.7,2,SMS,True,0
48,Ramirez,35,58,Premium,18.5,5,Email,True,1
49,Reid,21,32,Essentiel,12.1,4,SMS,True,0
50,Diaz,42,1,Premium,15.6,5,Aucune,True,0
51,Wood,31,56,Premium,27.8,1,Email+SMS,True,0
52,Clark,67,5,Standard,14.5,4,Aucune,False,0
53,Adams,26,45,Premium,20.7,3,Email+SMS,True,0
54,Zuniga,43,4,Premium,11.5,1,Email,False,0
55,Wong,19,16,Essentiel,14.8,1,Aucune,False,0
56,Lynch,37,24,Essentiel,23.9,3,Email,False,1
57,Jackson,45,16,Essentiel,11.9,1,Email,True,1
58,Daniel,64,55,Essentiel,24.1,4,Email+SMS,True,0
59,Martin,24,2,Essentiel,18.5,5,Email+SMS,False,1
60,Gray,61,49,Essentiel,12.2,1,Email+SMS,False,0
61,Mayo,25,28,Premium,18.2,4,Aucune,True,0
62,Bowman,64,32,Essentiel,19.9,2,SMS,True,0
63,Hawkins,52,27,Essentiel,18.1,4,Email+SMS,True,0
64,Cohen,31,20,Standard,7.1,5,Email+SMS,False,0
65,Cameron,34,24,Premium,11.4,4,Aucune,True,1
66,Parsons,53,12,Premium,13.8,3,Email+SMS,True,0
67,Perez,67,50,Premium,14.6,5,Aucune,False,1
68,Johnson,57,35,Essentiel,18.1,2,Email,True,0
69,Stewart,21,33,Essentiel,15.9,3,Email+SMS,True,0
70,Adams,19,33,Essentiel,8.3,4,Email+SMS,False,1
71,Clark,23,51,Standard,16.9,5,Email,False,0
72,Hahn,59,43,Essentiel,18.1,2,Email,True,0
73,Walter,21,37,Standard,17.8,3,Email,True,0
74,Edwards,46,12,Premium,20.4,2,Email+SMS,True,0
75,Rios,35,3,Essentiel,19.2,4,SMS,True,0
76,Foster,43,1,Standard,17.3,2,SMS,False,0
77,Rocha,61,33,Standard,14.6,1,SMS,True,0
78,Ellis,51,40,Essentiel,6.7,3,Email+SMS,True,1
79,Baker,27,10,Premium,17.1,2,Email,True,0
80,Wright,53,43,Premium,16.0,4,Email+SMS,True,0
81,Hoffman,31,44,Premium,16.4,4,Email,True,0
82,Baker,48,29,Standard,8.6,2,Email+SMS,False,1
83,Richards,65,13,Standard,9.6,4,Email+SMS,True,0
84,Hurst,32,12,Standard,20.3,5,Email,False,0
85,Ross,25,31,Standard,14.8,5,SMS,False,0
86,Robinson,31,46,Premium,18.4,5,Email,True,0
87,Bright,40,2,Essentiel,15.1,1,Aucune,True,1
88,Hicks,57,51,Standard,15.1,2,Aucune,True,0
89,Davis,38,50,Standard,19.7,1,Email,True,0
90,Williams,33,35,Premium,12.4,4,Email+SMS,True,0
91,Rodriguez,62,23,Essentiel,15.5,1,Aucune,True,0
92,Burton,35,17,Essentiel,12.7,4,Aucune,True,1
93,Conner,64,26,Premium,12.8,4,Email+SMS,False,1
94,Henderson,41,8,Premium,13.5,3,Email+SMS,True,0
95,Brown,43,29,Essentiel,16.1,5,SMS,False,1
96,James,42,26,Standard,12.6,4,Email+SMS,True,0
97,Ferrell,62,10,Essentiel,21.3,3,Email,False,0
98,Rice,58,26,Premium,10.5,5,Email,True,0
99,Maddox,46,34,Standard,14.1,4,SMS,True,0
100,Valencia,32,51,Standard,12.8,4,Aucune,False,0
101,Smith,62,41,Premium,22.2,1,Aucune,True,1
102,Le,18,7,Premium,16.0,1,Email+SMS,True,0
103,Maldonado,42,4,Premium,20.2,5,Email,False,1
104,Herrera,24,58,Essentiel,7.6,4,Aucune,True,0
105,Adams,26,53,Essentiel,16.3,2,SMS,True,1
106,Davidson,41,50,Standard,19.4,1,SMS,False,0
107,Rodriguez,18,45,Premium,15.4,5,Email,False,0
108,Graham,61,11,Standard,20.3,4,SMS,False,0
109,Chavez,25,29,Standard,12.4,4,SMS,True,1
110,Mckay,41,56,Standard,22.0,2,Email,False,0
111,Liu,28,36,Standard,26.5,5,Email+SMS,True,1
112,Baker,68,25,Premium,13.2,4,Email+SMS,False,0
113,Mason,34,21,Standard,12.8,1,SMS,False,0
114,White,25,57,Premium,22.3,2,Email+SMS,False,1
115,Gaines,52,36,Premium,22.9,5,Email+SMS,False,0
116,Harrell,52,10,Essentiel,12.4,2,SMS,True,0
117,Evans,50,37,Premium,12.9,1,Email+SMS,False,0
118,Fowler,22,9,Essentiel,13.6,5,SMS,False,1
119,Lynch,59,24,Premium,8.3,2,Aucune,True,0
120,Hernandez,56,35,Premium,10.4,3,Email,False,1
121,Farmer,58,49,Premium,10.0,1,Email,True,0
122,Ryan,45,35,Essentiel,11.2,1,Email+SMS,False,1
123,Osborne,24,48,Essentiel,14.8,1,Email+SMS,False,1
124,Moreno,26,36,Standard,16.2,3,Email+SMS,False,0
125,Smith,25,18,Essentiel,22.8,3,Email,True,0
126,Nguyen,29,49,Essentiel,10.0,4,Aucune,True,0
127,Smith,51,39,Essentiel,19.9,2,Aucune,True,0
128,Hickman,50,32,Essentiel,13.9,4,Email,False,0
129,Koch,65,24,Standard,14.8,2,Aucune,True,0
130,Decker,40,23,Essentiel,18.4,3,Email,True,0
131,Parker,41,32,Premium,9.4,3,Aucune,False,0
132,Brown,54,37,Premium,16.9,4,SMS,True,0
133,Humphrey,52,12,Essentiel,15.8,5,SMS,False,0
134,Arroyo,61,49,Essentiel,17.5,4,Email,False,1
135,Miller,57,55,Premium,16.4,2,Aucune,False,0
136,Tucker,39,13,Premium,27.3,4,Email+SMS,True,0
137,Jones,44,23,Standard,11.8,1,Aucune,True,0
138,Hodges,52,25,Premium,12.3,2,SMS,True,1
139,Cannon,18,35,Premium,11.9,2,SMS,True,1
140,Anderson,52,41,Essentiel,12.2,5,Aucune,True,1
141,Alvarez,54,30,Premium,11.8,3,Aucune,True,1
142,Pierce,64,17,Standard,20.9,2,Email+SMS,False,0
143,Baker,31,49,Premium,22.1,3,Email+SMS,False,1
144,Brennan,20,20,Essentiel,12.1,4,Aucune,True,0
145,Henderson,18,48,Essentiel,10.8,1,Aucune,False,0
146,Lewis,22,25,Premium,17.4,5,Aucune,False,1
147,Ryan,43,22,Essentiel,12.2,3,Aucune,False,0
148,Blair,31,13,Standard,18.2,2,Email,False,0
149,Harris,56,59,Standard,16.0,3,Aucune,True,0
150,Collins,44,19,Premium,7.4,2,Email+SMS,True,0
151,Carney,26,49,Premium,22.7,3,SMS,True,0
152,Santos,32,36,Premium,24.0,2,Email,True,0
153,Kim,32,12,Essentiel,11.9,4,Aucune,False,0
154,Holmes,43,41,Standard,13.1,2,SMS,False,0
155,Martinez,59,19,Standard,16.4,2,Email,True,1
156,Walker,30,12,Essentiel,16.7,1,SMS,True,0
157,Morgan,68,9,Standard,18.3,2,Aucune,False,0
158,Chapman,49,7,Premium,25.1,1,Aucune,True,1
159,Hall,56,28,Premium,14.1,5,Email+SMS,True,1
160,Robinson,66,14,Premium,11.0,1,Aucune,False,0
161,Jones,69,31,Standard,8.1,4,Aucune,True,0
162,Welch,49,52,Premium,11.3,1,Email,True,1
163,Perez,21,19,Essentiel,14.8,5,Email+SMS,True,1
164,Whitehead,47,58,Essentiel,24.0,4,Email,False,0
165,Heath,54,47,Standard,12.4,3,SMS,True,0
166,Jones,40,16,Essentiel,16.1,3,Aucune,True,0
167,Young,56,53,Essentiel,14.9,1,SMS,True,0
168,Caldwell,62,5,Standard,20.9,1,Email,True,0
169,Lewis,32,35,Premium,27.6,5,Aucune,True,0
170,Anderson,60,12,Premium,12.3,5,Aucune,False,0
171,Walls,46,25,Premium,12.6,2,Email,True,0
172,Duncan,53,52,Standard,20.2,5,Email,False,0
173,Kennedy,30,59,Essentiel,18.4,2,Email,True,1
174,Mueller,49,21,Premium,24.2,4,Email,True,0
175,Aguirre,24,36,Premium,17.9,1,Email,True,0
176,Lee,68,53,Standard,13.2,4,Aucune,True,1
177,Davis,39,23,Premium,18.0,5,Email,True,0
178,Jordan,45,16,Standard,20.5,4,Aucune,True,0
179,Henderson,19,57,Essentiel,19.1,4,Aucune,True,0
180,Owens,59,39,Standard,17.5,4,Email,False,0
181,Daniel,62,45,Standard,20.3,5,Email,True,1
182,Nunez,23,53,Standard,20.8,4,Email+SMS,False,0
183,Joyce,45,42,Standard,21.9,2,Aucune,False,0
184,Garcia,45,58,Essentiel,18.2,5,Email,True,0
185,Powell,61,39,Essentiel,14.2,4,Email,True,0
186,Morgan,61,14,Premium,15.7,5,Email,True,1
187,Hensley,37,31,Essentiel,21.0,3,Email+SMS,True,0
188,Wright,47,58,Essentiel,10.9,2,Email+SMS,True,0
189,Lee,28,5,Premium,16.8,4,SMS,False,0
190,West,45,35,Essentiel,13.0,3,Aucune,True,0
191,Henderson,42,23,Standard,15.1,3,SMS,True,0
192,Ramirez,56,29,Standard,21.4,5,Email,False,0
193,Wright,50,43,Premium,16.0,3,Email+SMS,True,0
194,Leblanc,18,11,Premium,15.2,2,Email+SMS,False,0
195,Ramos,44,18,Premium,8.2,2,SMS,True,0
196,Callahan,69,47,Standard,18.7,1,Email+SMS,True,0
197,Pierce,30,12,Essentiel,18.2,2,Email,True,0
198,Williams,58,9,Standard,25.8,3,Email+SMS,True,1
199,Kidd,20,10,Premium,13.5,2,SMS,False,0
200,Huff,56,58,Essentiel,16.1,5,Email,True,0
201,Novak,23,44,Essentiel,16.2,1,SMS,False,0
202,House,25,17,Standard,22.9,3,Email+SMS,True,0
203,Allison,44,38,Premium,14.5,1,SMS,True,0
204,Martin,26,7,Standard,16.4,3,SMS,True,0
205,Tucker,54,46,Essentiel,18.0,5,Aucune,True,0
206,Lewis,50,13,Standard,15.9,1,Email+SMS,False,0
207,Morales,68,40,Standard,12.8,4,Email+SMS,True,1
208,Brown,59,42,Premium,16.0,3,SMS,True,1
209,Gray,61,9,Premium,20.4,4,Aucune,True,0
210,Galloway,41,50,Essentiel,9.9,1,Email+SMS,True,0
211,Baker,32,27,Standard,15.7,4,Email,True,0
212,Bowers,49,58,Standard,11.5,4,SMS,True,0
213,Gibson,49,2,Standard,21.0,1,Email+SMS,False,1
214,Henderson,41,5,Essentiel,7.4,5,Email,True,0
215,Bernard,58,29,Essentiel,12.2,4,Email+SMS,True,0
216,Cowan,69,37,Premium,16.9,4,Email,True,0
217,Peters,66,38,Premium,22.8,5,SMS,True,0
218,Higgins,66,19,Premium,14.7,4,Email+SMS,False,0
219,Moore,69,8,Standard,12.2,4,Email+SMS,True,0
220,Phillips,29,48,Standard,24.4,4,Aucune,True,0
221,Novak,56,45,Premium,7.8,2,SMS,False,0
222,Riley,19,1,Standard,4.0,5,Email,True,0
223,Daniels,20,22,Premium,17.2,4,Email+SMS,True,0
224,Adkins,66,52,Essentiel,12.5,5,Email+SMS,False,0
225,Brown,54,17,Premium,9.9,3,Email,False,0
226,Silva,66,7,Essentiel,18.5,3,SMS,False,0
227,Shaw,34,25,Standard,16.2,4,Aucune,True,0
228,Farrell,66,45,Premium,12.2,5,Aucune,True,0
229,Moore,19,4,Standard,8.6,5,Email+SMS,True,1
230,Yu,19,36,Essentiel,19.4,5,Email,True,0
231,Miller,45,6,Essentiel,18.3,2,Email+SMS,False,0
232,Lopez,40,31,Essentiel,14.5,3,Email,True,0
233,Larson,54,19,Standard,24.2,5,Aucune,False,0
234,Leonard,49,44,Standard,9.6,5,SMS,False,0
235,Young,50,54,Standard,7.4,2,Email,True,0
236,Wilson,18,39,Standard,11.5,2,Aucune,True,1
237,Zamora,36,27,Essentiel,14.8,5,Email+SMS,False,0
238,Sanchez,19,10,Essentiel,16.2,1,Email,True,0
239,Wheeler,61,26,Premium,13.8,5,SMS,False,0
240,Harvey,43,19,Premium,16.8,5,Email+SMS,True,0
241,Barnes,49,39,Standard,8.7,2,Email+SMS,True,1
242,Silva,23,3,Essentiel,22.2,2,Aucune,True,0
243,Mills,49,45,Essentiel,14.6,5,Email,False,0
244,Donovan,21,13,Essentiel,20.6,5,Email+SMS,True,1
245,Harris,28,50,Premium,16.7,5,SMS,False,0
246,Moran,34,28,Premium,17.3,2,Email,True,0
247,Allen,55,58,Essentiel,17.8,5,SMS,False,0
248,Foster,41,20,Essentiel,17.2,5,Email+SMS,False,0
249,Powers,22,28,Essentiel,18.2,4,SMS,True,0
250,Evans,69,8,Premium,21.6,1,Aucune,True,0
251,Stewart,51,41,Essentiel,16.0,3,SMS,False,0
252,Walton,23,39,Essentiel,18.5,1,Email,True,0
253,Jones,39,1,Standard,14.6,4,SMS,False,0
254,Ellis,28,3,Standard,22.2,3,SMS,True,0
255,Murillo,65,13,Premium,11.6,5,Aucune,False,0
256,Ferrell,33,28,Essentiel,24.0,4,SMS,False,0
257,Jones,50,57,Essentiel,14.8,5,SMS,False,0
258,Lewis,26,49,Standard,7.8,2,Email+SMS,True,0
259,Baker,23,25,Premium,15.6,4,Email+SMS,True,0
260,Mahoney,33,56,Standard,11.6,2,Email,True,0
261,Ibarra,46,33,Standard,19.2,4,Email+SMS,True,1
262,Suarez,20,38,Standard,11.7,4,Email+SMS,True,0
263,Wood,37,53,Standard,12.8,2,Email+SMS,True,0
264,Moore,53,6,Essentiel,5.6,3,Email+SMS,False,0
265,Bass,36,58,Essentiel,12.7,1,Aucune,True,0
266,Warner,43,44,Standard,2.9,5,Email+SMS,True,0
267,Carr,20,45,Premium,7.1,4,Aucune,False,1
268,Archer,36,32,Premium,18.8,5,Aucune,True,0
269,Valdez,37,45,Premium,18.9,2,Email+SMS,True,0
270,Smith,49,47,Premium,17.1,5,SMS,False,0
271,Montoya,24,21,Standard,10.2,2,Aucune,False,0
272,Evans,69,16,Essentiel,14.8,5,SMS,True,0
273,Alvarado,58,54,Premium,15.0,1,SMS,True,0
274,Mcmillan,50,21,Standard,9.2,1,Email+SMS,False,0
275,Taylor,57,11,Premium,22.5,1,Email,True,0
276,Wilson,56,37,Premium,19.4,1,Email+SMS,True,0
277,Rodriguez,35,36,Standard,13.9,1,Email,True,0
278,Tran,57,35,Essentiel,15.1,1,Email,True,1
279,Nelson,18,19,Essentiel,16.0,2,Email+SMS,True,0
280,Jacobs,28,20,Standard,4.8,4,Email+SMS,True,1
281,Robbins,45,57,Essentiel,13.8,5,Email,False,0
282,Harris,42,18,Standard,11.6,1,Email+SMS,False,1
283,Walters,67,47,Standard,10.0,2,Email,True,1
284,Baker,40,41,Standard,13.6,2,SMS,False,0
285,Freeman,48,49,Essentiel,24.0,2,Email+SMS,False,0
286,Whitehead,47,14,Standard,18.2,4,SMS,True,0
287,Mathis,59,15,Premium,12.1,5,Aucune,True,1
288,Davis,52,31,Essentiel,17.9,4,SMS,False,0
289,Henderson,24,1,Essentiel,22.0,3,SMS,True,0
290,Hill,33,53,Essentiel,19.6,2,Email,False,0
291,Smith,43,54,Essentiel,15.3,3,SMS,True,1
292,Wise,65,54,Premium,11.8,1,Email+SMS,False,1
293,Walsh,69,3,Essentiel,18.5,1,Email,True,1
294,Green,66,16,Essentiel,17.0,4,Aucune,True,0
295,Figueroa,19,23,Standard,19.5,5,Email+SMS,False,0
296,Arnold,18,57,Essentiel,18.2,3,Aucune,True,0
297,Patterson,65,11,Premium,20.2,5,SMS,True,0
298,Smith,29,12,Premium,12.3,4,Email+SMS,True,0
299,Jones,22,10,Premium,21.6,1,Email+SMS,True,0
300,Ware,54,32,Premium,16.0,5,Aucune,True,0
301,Mckee,49,16,Essentiel,25.4,5,Email+SMS,False,0
302,Gardner,26,8,Essentiel,11.6,1,Email+SMS,True,1
303,Davenport,58,38,Premium,23.7,3,Email+SMS,False,0
304,Aguilar,52,12,Premium,16.0,1,SMS,False,1
305,Hernandez,36,24,Essentiel,11.7,5,Aucune,False,0
306,Anderson,65,28,Premium,12.6,3,Email+SMS,True,0
307,Parker,33,53,Standard,13.4,3,Email,False,0
308,Nolan,20,8,Premium,17.1,1,Email,True,0
309,Flynn,37,58,Premium,17.6,5,Email,False,0
310,Valencia,41,28,Standard,12.1,4,Email,False,0
311,Nolan,50,36,Standard,14.9,5,SMS,False,0
312,Clark,41,26,Essentiel,25.7,2,Email+SMS,True,0
313,Wright,69,8,Essentiel,23.6,4,Aucune,False,0
314,Garcia,28,58,Standard,17.2,3,Email+SMS,True,1
315,Deleon,66,50,Standard,15.2,4,SMS,False,0
316,Henson,25,28,Essentiel,15.6,3,Email,False,0
317,Russell,53,28,Premium,18.1,3,SMS,True,0
318,Oliver,55,37,Standard,9.9,4,Email+SMS,False,0
319,Moore,57,41,Essentiel,13.7,3,Aucune,True,0
320,Spears,37,36,Premium,6.7,3,SMS,True,0
321,Hancock,52,27,Standard,17.0,2,Aucune,True,1
322,Cherry,65,54,Premium,18.2,5,SMS,True,0
323,Cochran,42,17,Essentiel,12.6,5,Aucune,False,1
324,Keith,52,9,Standard,22.9,2,Aucune,True,1
325,Johnson,42,33,Premium,8.9,4,Email,True,0
326,Doyle,46,53,Standard,7.7,1,Aucune,False,0
327,Cook,35,20,Premium,16.1,1,Email,False,1
328,Galvan,63,13,Essentiel,20.2,1,Email+SMS,False,0
329,Pham,35,28,Essentiel,23.4,2,Email+SMS,False,0
330,Shields,19,48,Standard,12.7,2,Email,False,1
331,Cochran,52,29,Premium,20.4,3,Email,True,0
332,Adams,33,13,Standard,14.8,1,SMS,True,0
333,Cobb,58,46,Standard,14.1,4,SMS,False,0
334,Rodriguez,53,35,Premium,19.4,4,SMS,True,0
335,Brennan,50,6,Premium,18.3,1,Email+SMS,False,0
336,Garrison,21,18,Premium,7.1,1,SMS,True,0
337,Walker,50,51,Essentiel,22.4,1,Aucune,True,0
338,Velasquez,31,5,Standard,21.9,2,Aucune,True,0
339,Stevens,38,47,Standard,11.9,2,SMS,False,0
340,Torres,65,25,Essentiel,17.0,2,Aucune,True,0
341,Pope,37,2,Premium,17.5,5,Email+SMS,False,0
342,Perez,25,10,Essentiel,16.3,4,Aucune,True,0
343,Johnson,24,56,Essentiel,12.2,4,Email+SMS,True,0
344,Lee,20,30,Essentiel,11.6,3,Email,False,0
345,Murphy,34,50,Standard,14.9,2,Email,False,0
346,Lin,50,59,Essentiel,20.9,5,Email,True,1
347,Rasmussen,65,45,Standard,17.7,5,Email,False,0
348,Ramirez,29,5,Standard,13.1,4,Aucune,True,0
349,May,68,55,Standard,18.9,2,SMS,True,0
350,Ross,39,56,Premium,0.8,3,Aucune,True,0
351,Zavala,39,33,Standard,20.7,2,Email+SMS,False,0
352,Herrera,63,54,Standard,6.3,1,Aucune,False,0
353,Crosby,47,1,Premium,13.2,2,Aucune,True,0
354,Wilson,55,18,Standard,9.4,1,Email+SMS,False,0
355,Waller,55,32,Essentiel,8.5,1,Email,True,0
356,White,62,47,Essentiel,20.8,3,Email,True,0
357,Estes,68,49,Standard,12.7,4,Email,True,0
358,Baker,25,11,Premium,16.7,2,SMS,True,0
359,Rodriguez,44,21,Essentiel,14.8,1,Email+SMS,True,0
360,Hamilton,44,26,Premium,17.4,2,Email+SMS,True,0
361,Chandler,51,25,Premium,15.4,4,Aucune,False,0
362,Edwards,38,22,Essentiel,8.6,4,SMS,True,0
363,Obrien,47,59,Premium,20.0,5,Email,True,0
364,Dixon,50,27,Essentiel,12.5,4,SMS,True,0
365,Cruz,45,49,Premium,7.2,3,Email+SMS,True,0
366,Ray,64,13,Essentiel,12.9,1,Email+SMS,True,0
367,Scott,50,33,Standard,22.5,5,Aucune,False,0
368,Fletcher,22,34,Essentiel,19.3,3,Aucune,True,1
369,Smith,65,41,Essentiel,13.3,2,Email+SMS,False,0
370,Frost,36,35,Essentiel,13.3,1,Email,False,0
371,Ryan,21,1,Essentiel,13.4,4,Email,True,0
372,Ball,52,21,Premium,25.4,1,SMS,False,0
373,Harmon,66,48,Standard,16.9,2,Email+SMS,True,0
374,Lambert,34,55,Essentiel,17.2,5,Email+SMS,False,0
375,Diaz,61,6,Premium,20.2,5,Email,True,0
376,Jones,45,28,Standard,16.2,5,Email,True,1
377,Beck,47,17,Standard,13.7,4,Email+SMS,True,0
378,Rivera,46,5,Standard,14.0,3,Aucune,True,1
379,Edwards,63,31,Standard,14.6,3,Email+SMS,True,0
380,Charles,23,5,Essentiel,14.8,1,Email+SMS,True,0
381,Cortez,52,38,Essentiel,18.6,4,Email,True,0
382,Evans,58,3,Premium,15.3,5,Email,False,0
383,Parker,54,53,Premium,18.7,5,Aucune,False,0
384,Ortiz,41,23,Premium,14.6,2,Aucune,True,0
385,Powell,46,37,Standard,15.4,2,SMS,True,0
386,Phillips,66,53,Standard,5.0,5,Email+SMS,False,0
387,Martinez,63,37,Essentiel,19.6,5,Email,False,0
388,Fisher,48,10,Standard,16.7,4,Aucune,False,1
389,Bentley,52,10,Standard,20.0,3,SMS,True,0
390,Byrd,50,19,Standard,0.5,2,SMS,True,1
391,Orr,69,17,Premium,25.4,3,Email,True,1
392,Gilbert,38,21,Premium,14.3,4,Email,True,1
393,Turner,49,14,Essentiel,20.5,5,SMS,False,0
394,Kelley,40,9,Standard,9.8,3,Aucune,False,0
395,Smith,50,46,Standard,18.1,5,SMS,True,1
396,Mitchell,20,1,Essentiel,9.7,5,Email+SMS,False,0
397,Jordan,35,51,Standard,11.9,1,Email+SMS,True,0
398,Carpenter,42,45,Standard,24.6,3,Email,True,0
399,Pena,59,13,Premium,14.0,3,Aucune,True,0
400,Marshall,48,4,Essentiel,16.1,5,Aucune,False,0
401,Ramos,20,1,Essentiel,19.4,4,Email+SMS,True,0
402,Lewis,57,49,Essentiel,17.5,1,SMS,False,1
403,Kennedy,63,40,Essentiel,15.8,5,Email,False,0
404,Santana,41,32,Premium,16.8,2,SMS,True,1
405,Flynn,67,34,Premium,27.0,2,SMS,True,0
406,Jackson,49,28,Standard,14.7,1,SMS,False,0
407,Miller,64,31,Standard,16.0,4,Aucune,True,0
408,Robertson,39,8,Standard,20.3,5,Email+SMS,False,0
409,Schultz,40,39,Standard,20.5,3,Aucune,False,1
410,Rogers,19,26,Premium,20.9,1,Email+SMS,True,0
411,Cardenas,44,58,Essentiel,18.2,4,Email,True,0
412,Potter,59,34,Premium,9.3,3,Email,False,0
413,Chambers,19,54,Standard,23.2,2,SMS,False,0
414,Walker,43,54,Premium,9.3,2,Email+SMS,True,0
415,Gonzalez,34,3,Essentiel,16.5,3,Email+SMS,True,0
416,Johnson,57,59,Essentiel,11.2,1,Email+SMS,True,0
417,Sanchez,50,50,Premium,14.7,2,SMS,False,1
418,Alvarez,26,12,Premium,16.6,5,SMS,False,0
419,Atkinson,60,1,Premium,16.6,3,Email,False,0
420,Jones,65,54,Standard,17.1,3,Aucune,True,0
421,Perry,56,44,Premium,23.1,2,Email+SMS,True,0
422,Soto,46,5,Premium,17.3,1,Email+SMS,False,0
423,Lee,59,30,Premium,13.8,5,Aucune,True,0
424,Horton,43,30,Essentiel,19.8,1,Email+SMS,True,0
425,Snyder,52,59,Essentiel,20.9,4,SMS,True,1
426,Sanchez,67,57,Standard,8.9,4,SMS,False,0
427,Douglas,42,17,Standard,18.0,2,Email+SMS,False,0
428,Smith,41,48,Essentiel,18.5,2,SMS,True,0
429,Potter,30,47,Essentiel,13.5,2,SMS,True,0
430,Carrillo,24,23,Essentiel,21.9,4,Email+SMS,False,0
431,Rodriguez,53,15,Premium,14.2,1,Email,False,0
432,Coleman,62,37,Premium,15.6,1,Aucune,True,1
433,Thompson,37,21,Essentiel,14.1,2,SMS,True,1
434,Rubio,18,14,Premium,15.1,5,Email,True,1
435,Holmes,25,2,Premium,9.5,1,SMS,False,0
436,Williams,63,11,Standard,7.8,4,SMS,True,0
437,Wright,33,51,Essentiel,23.0,3,Aucune,True,0
438,Charles,31,39,Essentiel,10.8,3,SMS,False,1
439,Bryant,29,38,Premium,10.0,3,Aucune,False,0
440,Solis,68,34,Essentiel,4.2,5,Aucune,True,1
441,Contreras,40,38,Standard,11.8,2,Aucune,False,0
442,Travis,32,50,Standard,8.4,4,Email,True,0
443,Larson,45,34,Standard,23.2,5,Email+SMS,True,0
444,Dodson,51,18,Essentiel,20.0,4,Email,True,0
445,Vance,19,30,Essentiel,11.6,4,Email+SMS,False,0
446,Salazar,49,15,Essentiel,26.3,2,Email+SMS,True,0
447,Ball,40,27,Essentiel,19.9,3,Aucune,False,0
448,Wagner,39,51,Essentiel,13.4,2,SMS,False,0
449,Rivas,68,34,Standard,2.5,5,Aucune,False,0
450,Kelley,42,52,Premium,26.5,5,SMS,False,0
451,Merritt,39,57,Standard,8.1,5,Email+SMS,False,0
452,Manning,39,38,Essentiel,6.8,2,Aucune,True,0
453,Wells,66,33,Standard,20.1,4,SMS,True,0
454,Green,69,24,Essentiel,27.2,4,Email,False,0
455,Wright,59,15,Essentiel,21.9,1,SMS,True,0
456,Walsh,23,30,Standard,17.8,5,Aucune,False,0
457,Cannon,32,55,Essentiel,18.0,4,Email,False,0
458,Boyd,60,42,Premium,19.3,1,SMS,True,0
459,Sims,54,51,Essentiel,18.8,4,SMS,False,1
460,Hill,50,17,Premium,16.4,5,SMS,True,0
461,Jones,25,5,Premium,15.5,3,SMS,True,0
462,Mitchell,61,29,Essentiel,14.7,5,SMS,True,0
463,Nelson,61,4,Standard,11.2,2,Email,True,1
464,Flores,22,10,Premium,13.6,4,Email+SMS,False,0
465,Fernandez,56,56,Standard,6.5,4,Email,False,0
466,Taylor,21,17,Premium,14.5,2,Email,False,1
467,Hall,23,10,Essentiel,10.1,2,Email,True,0
468,Benson,62,17,Essentiel,9.5,3,Email+SMS,True,1
469,Mccarthy,49,20,Premium,15.9,4,Aucune,False,0
470,Brown,69,24,Essentiel,22.0,4,Email+SMS,True,1
471,Russell,47,5,Premium,19.6,3,Email,False,0
472,Daniels,64,34,Essentiel,7.1,1,SMS,False,0
473,Perry,52,6,Standard,10.1,3,SMS,False,0
474,Clark,57,53,Essentiel,19.7,5,Email,False,0
475,Fisher,69,2,Standard,10.1,4,SMS,True,0
476,Stein,33,13,Essentiel,13.9,2,Email,False,1
477,Silva,30,43,Standard,17.8,5,SMS,True,1
478,Dominguez,67,43,Essentiel,10.2,4,Email+SMS,False,0
479,Gates,59,48,Standard,15.5,3,Aucune,True,1
480,Cannon,47,11,Premium,8.3,5,Aucune,False,0
481,James,36,51,Premium,12.0,4,Email+SMS,False,0
482,Smith,34,47,Standard,16.6,1,Email+SMS,True,0
483,Bell,36,57,Essentiel,7.0,1,Email,True,0
484,Molina,45,23,Standard,17.2,2,Email,False,0
485,Castaneda,43,55,Essentiel,14.9,4,Email,True,0
486,Ashley,54,16,Premium,17.8,1,SMS,True,1
487,Barnes,43,31,Essentiel,16.1,3,Email,True,0
488,Adkins,40,11,Premium,21.8,4,Email+SMS,True,1
489,Payne,26,54,Essentiel,15.6,3,Aucune,False,0
490,Morrison,29,16,Essentiel,12.9,3,SMS,True,0
491,Walker,18,8,Essentiel,15.6,1,Email,True,0
492,Robinson,18,4,Standard,17.7,4,SMS,True,1
493,Graham,64,40,Standard,15.2,5,SMS,True,0
494,Johnson,51,4,Premium,15.2,1,Email,True,0
495,Rogers,49,56,Premium,11.5,1,SMS,True,0
496,Shelton,65,25,Standard,11.7,4,Aucune,True,0
497,Powell,42,3,Premium,8.0,4,Email+SMS,True,0
498,Martin,57,32,Standard,23.7,3,Email+SMS,False,0
499,Mcdonald,62,3,Essentiel,8.8,4,Aucune,True,0
500,Anderson,18,27,Premium,11.5,3,SMS,False,0
